date,users
3/2/19,17
3/3/19,21
3/4/19,51
3/5/19,70
3/6/19,77
3/7/19,43
3/8/19,50
3/9/19,33
3/10/19,37
3/11/19,61
3/12/19,74
3/13/19,77
3/14/19,82
3/15/19,62
3/16/19,42
3/17/19,38
3/18/19,44
3/19/19,77
3/20/19,74
3/21/19,52
3/22/19,72
3/23/19,51
3/24/19,39
3/25/19,49
3/26/19,66
3/27/19,76
3/28/19,79
3/29/19,149
3/30/19,69
3/31/19,69
4/1/19,70
4/2/19,93
4/3/19,72
4/4/19,107
4/5/19,87
4/6/19,47
4/7/19,57
4/8/19,78
4/9/19,97
4/10/19,72
4/11/19,47
4/12/19,44
4/13/19,40
4/14/19,39
4/15/19,69
4/16/19,53
4/17/19,51
4/18/19,54
4/19/19,39
4/20/19,29
4/21/19,43
4/22/19,80
4/23/19,89
4/24/19,89
4/25/19,56
4/26/19,57
4/27/19,42
4/28/19,32
4/29/19,68
4/30/19,88
5/1/19,105
5/2/19,71
5/3/19,51
5/4/19,32
5/5/19,46
5/6/19,69
5/7/19,55
5/8/19,72
5/9/19,83
5/10/19,41
5/11/19,28
5/12/19,33
5/13/19,42
5/14/19,47
5/15/19,49
5/16/19,88
5/17/19,69
5/18/19,36
5/19/19,32
5/20/19,66
5/21/19,83
5/22/19,108
5/23/19,113
5/24/19,80
5/25/19,63
5/26/19,34
5/27/19,68
5/28/19,85
5/29/19,79
5/30/19,38
5/31/19,41
6/1/19,33
6/2/19,43
6/3/19,44
6/4/19,47
6/5/19,62
6/6/19,55
6/7/19,37
6/8/19,22
6/9/19,20
6/10/19,43
6/11/19,49
6/12/19,44
6/13/19,66
6/14/19,44
6/15/19,26
6/16/19,24
6/17/19,49
6/18/19,70
6/19/19,52
6/20/19,41
6/21/19,52
6/22/19,40
6/23/19,76
6/24/19,64
6/25/19,104
6/26/19,112
6/27/19,55
6/28/19,61
6/29/19,27
6/30/19,28
7/1/19,107
7/2/19,94
7/3/19,56
7/4/19,36
7/5/19,19
7/6/19,36
7/7/19,43
7/8/19,64
7/9/19,98
7/10/19,69
7/11/19,49
7/12/19,49
7/13/19,26
7/14/19,32
7/15/19,53
7/16/19,55
7/17/19,59
7/18/19,35
7/19/19,44
7/20/19,18
7/21/19,23
7/22/19,58
7/23/19,67
7/24/19,59
7/25/19,48
7/26/19,47
7/27/19,20
7/28/19,36
7/29/19,42
7/30/19,34
7/31/19,33
8/1/19,43
8/2/19,25
8/3/19,21
8/4/19,33
8/5/19,51
8/6/19,50
8/7/19,69
8/8/19,51
8/9/19,41
8/10/19,27
8/11/19,22
8/12/19,41
8/13/19,43
8/14/19,46
8/15/19,42
8/16/19,36
8/17/19,30
8/18/19,45
8/19/19,57
8/20/19,55
8/21/19,29
8/22/19,61
8/23/19,107
8/24/19,78
8/25/19,32
8/26/19,90
8/27/19,83
8/28/19,63
8/29/19,38
8/30/19,41
8/31/19,19
9/1/19,35
9/2/19,27
9/3/19,39
9/4/19,64
9/5/19,51
9/6/19,39
9/7/19,19
9/8/19,31
9/9/19,53
9/10/19,59
9/11/19,58
9/12/19,55
9/13/19,36
9/14/19,35
9/15/19,42
9/16/19,48
9/17/19,72
9/18/19,65
9/19/19,52
9/20/19,37
9/21/19,22
9/22/19,27
9/23/19,43
9/24/19,51
9/25/19,43
9/26/19,34
9/27/19,36
9/28/19,15
9/29/19,20
9/30/19,34
10/1/19,71
10/2/19,55
10/3/19,62
10/4/19,36
10/5/19,41
10/6/19,23
10/7/19,79
10/8/19,131
10/9/19,69
10/10/19,76
10/11/19,81
10/12/19,54
10/13/19,45
10/14/19,48
10/15/19,47
10/16/19,39
10/17/19,43
10/18/19,67
10/19/19,34
10/20/19,48
10/21/19,40
10/22/19,54
10/23/19,64
10/24/19,58
10/25/19,53
10/26/19,55
10/27/19,54
10/28/19,62
10/29/19,76
10/30/19,56
10/31/19,68
11/1/19,64
11/2/19,102
11/3/19,190
11/4/19,307
11/5/19,389
11/6/19,111
11/7/19,64
11/8/19,47
11/9/19,63
11/10/19,49
11/11/19,61
11/12/19,89
11/13/19,60
11/14/19,51
11/15/19,51
11/16/19,42
11/17/19,31
11/18/19,61
11/19/19,42
11/20/19,86
11/21/19,63
11/22/19,48
11/23/19,38
11/24/19,51
11/25/19,46
11/26/19,40
11/27/19,24
11/28/19,21
11/29/19,14
11/30/19,26
12/1/19,31
12/2/19,54
12/3/19,62
12/4/19,58
12/5/19,44
12/6/19,44
12/7/19,22
12/8/19,37
12/9/19,48
12/10/19,47
12/11/19,87
12/12/19,61
12/13/19,45
12/14/19,26
12/15/19,34
12/16/19,39
12/17/19,49
12/18/19,31
12/19/19,44
12/20/19,45
12/21/19,22
12/22/19,26
12/23/19,40
12/24/19,18
12/25/19,16
12/26/19,37
12/27/19,27
12/28/19,20
12/29/19,19
12/30/19,64
12/31/19,44
1/1/20,25
1/2/20,35
1/3/20,33
1/4/20,39
1/5/20,42
1/6/20,55
1/7/20,57
1/8/20,53
1/9/20,50
1/10/20,36
1/11/20,19
1/12/20,32
1/13/20,52
1/14/20,87
1/15/20,113
1/16/20,76
1/17/20,61
1/18/20,26
1/19/20,26
1/20/20,55
1/21/20,62
1/22/20,52
1/23/20,61
1/24/20,46
1/25/20,35
1/26/20,47
1/27/20,87
1/28/20,103
1/29/20,82
1/30/20,193
1/31/20,98
2/1/20,68
2/2/20,43
2/3/20,80
2/4/20,102
2/5/20,120
2/6/20,81
2/7/20,76
2/8/20,63
2/9/20,90
2/10/20,105
2/11/20,99
2/12/20,110
2/13/20,91
2/14/20,168
2/15/20,94
2/16/20,143
2/17/20,142
2/18/20,183
2/19/20,161
2/20/20,152
2/21/20,103
2/22/20,113
2/23/20,168
2/24/20,175
2/25/20,198
2/26/20,196
2/27/20,182
2/28/20,290
2/29/20,335
3/1/20,594
3/2/20,1167
3/3/20,1393
3/4/20,175
3/5/20,101
3/6/20,60
3/7/20,33
3/8/20,37
3/9/20,68
3/10/20,60
3/11/20,45
3/12/20,27
3/13/20,30
3/14/20,25
3/15/20,36
3/16/20,37
3/17/20,26
3/18/20,25
3/19/20,57
3/20/20,32
3/21/20,22
3/22/20,19
3/23/20,123
3/24/20,37
3/25/20,28
3/26/20,314
3/27/20,83
3/28/20,48
3/29/20,28
3/30/20,51
3/31/20,39
4/1/20,41
4/2/20,28
4/3/20,37
4/4/20,39
4/5/20,29
4/6/20,99
4/7/20,52
4/8/20,34
4/9/20,46
4/10/20,41
4/11/20,29
4/12/20,48
4/13/20,93
4/14/20,50
4/15/20,31
4/16/20,40
4/17/20,89
4/18/20,18
4/19/20,35
4/20/20,46
4/21/20,52
4/22/20,47
4/23/20,45
4/24/20,84
4/25/20,27
4/26/20,26
4/27/20,36
4/28/20,59
4/29/20,43
4/30/20,23
5/1/20,35
5/2/20,19
5/3/20,31
5/4/20,96
5/5/20,277
5/6/20,61
5/7/20,32
5/8/20,40
5/9/20,33
5/10/20,38
5/11/20,41
5/12/20,108
5/13/20,43
5/14/20,42
5/15/20,71
5/16/20,28
5/17/20,44
5/18/20,66
5/19/20,70
5/20/20,61
5/21/20,61
5/22/20,49
5/23/20,44
5/24/20,28
5/25/20,22
5/26/20,86
5/27/20,61
5/28/20,51
5/29/20,35
5/30/20,24
5/31/20,28
6/1/20,51
6/2/20,41
6/3/20,68
6/4/20,42
6/5/20,55
6/6/20,29
6/7/20,39
6/8/20,59
6/9/20,40
6/10/20,42
6/11/20,116
6/12/20,138
6/13/20,43
6/14/20,45
6/15/20,76
6/16/20,72
6/17/20,40
6/18/20,62
6/19/20,46
6/20/20,32
6/21/20,42
6/22/20,67
6/23/20,91
6/24/20,93
6/25/20,83
6/26/20,61
6/27/20,35
6/28/20,26
6/29/20,77
6/30/20,53
7/1/20,61
7/2/20,50
7/3/20,25
7/4/20,19
7/5/20,22
7/6/20,56
7/7/20,57
7/8/20,84
7/9/20,88
7/10/20,44
7/11/20,38
7/12/20,42
7/13/20,63
7/14/20,43
7/15/20,96
7/16/20,64
7/17/20,78
7/18/20,44
7/19/20,34
7/20/20,56
7/21/20,68
7/22/20,56
7/23/20,94
7/24/20,68
7/25/20,36
7/26/20,22
7/27/20,58
7/28/20,60
7/29/20,80
7/30/20,70
7/31/20,52
8/1/20,50
8/2/20,43
8/3/20,49
8/4/20,69
8/5/20,64
8/6/20,55
8/7/20,34
8/8/20,37
8/9/20,73
8/10/20,144
8/11/20,128
8/12/20,88
8/13/20,68
8/14/20,54
8/15/20,52
8/16/20,65
8/17/20,89
8/18/20,181
8/19/20,156
8/20/20,156
8/21/20,127
8/22/20,43
8/23/20,41
8/24/20,144
8/25/20,67
8/26/20,84
8/27/20,76
8/28/20,82
8/29/20,56
8/30/20,32
8/31/20,110
9/1/20,156
9/2/20,141
9/3/20,69
9/4/20,0
9/5/20,0
9/6/20,0
9/7/20,0
9/8/20,0
9/9/20,131
9/10/20,79
9/11/20,42
9/12/20,15
9/13/20,19
9/14/20,29
9/15/20,29
9/16/20,41
9/17/20,30
9/18/20,15
9/19/20,15
9/20/20,18
9/21/20,21
9/22/20,49
9/23/20,31
9/24/20,742
9/25/20,339
9/26/20,159
9/27/20,96
9/28/20,178
9/29/20,212
9/30/20,243
10/1/20,287
10/2/20,1319
10/3/20,397
10/4/20,557
10/5/20,778
10/6/20,618
10/7/20,417
10/8/20,483
10/9/20,417
10/10/20,466
10/11/20,541
10/12/20,698
10/13/20,848
10/14/20,965
10/15/20,765
10/16/20,423
10/17/20,808
10/18/20,775
10/19/20,806
10/20/20,944
10/21/20,610
10/22/20,544
10/23/20,763
10/24/20,399
10/25/20,413
10/26/20,348
10/27/20,497
10/28/20,346
10/29/20,292
10/30/20,332
10/31/20,265
11/1/20,347
11/2/20,487
11/3/20,414
11/4/20,182
11/5/20,94
11/6/20,72
11/7/20,32
11/8/20,61
11/9/20,85
11/10/20,227
11/11/20,138
11/12/20,136
11/13/20,108
11/14/20,60
11/15/20,71
11/16/20,125
11/17/20,70
11/18/20,80
11/19/20,78
11/20/20,59
11/21/20,36
11/22/20,43
11/23/20,87
11/24/20,62
11/25/20,58
11/26/20,24
11/27/20,91
11/28/20,58
11/29/20,53
11/30/20,179
12/1/20,101
12/2/20,70
12/3/20,111
12/4/20,91
12/5/20,45
12/6/20,41
12/7/20,88
12/8/20,87
12/9/20,96
12/10/20,75
12/11/20,77
12/12/20,158
12/13/20,38
12/14/20,89
12/15/20,73
12/16/20,85
12/17/20,61
12/18/20,79
12/19/20,152
12/20/20,63
12/21/20,58
12/22/20,53
12/23/20,58
12/24/20,23
12/25/20,19
12/26/20,39
12/27/20,40
12/28/20,47
12/29/20,61
12/30/20,36
12/31/20,132
1/1/21,36
1/2/21,48
1/3/21,72
1/4/21,64
1/5/21,75
1/6/21,44
1/7/21,69
1/8/21,64
1/9/21,100
1/10/21,422
1/11/21,365
1/12/21,174
1/13/21,109
1/14/21,86
1/15/21,97
1/16/21,86
1/17/21,82
1/18/21,90
1/19/21,134
1/20/21,115
1/21/21,244
1/22/21,174
1/23/21,188
1/24/21,137
1/25/21,158
1/26/21,118
1/27/21,97
1/28/21,108
1/29/21,269
1/30/21,86
1/31/21,67
2/1/21,86
2/2/21,65
2/3/21,101
2/4/21,100
2/5/21,64
2/6/21,92
2/7/21,54
2/8/21,97
2/9/21,110
2/10/21,108
2/11/21,192
2/12/21,141
2/13/21,56
2/14/21,50
2/15/21,75
2/16/21,104
2/17/21,93
2/18/21,146
2/19/21,165
2/20/21,89
2/21/21,81
2/22/21,101
2/23/21,123
2/24/21,111
2/25/21,119
2/26/21,581
2/27/21,190
2/28/21,111
3/1/21,153
3/2/21,255
3/3/21,142
3/4/21,138
3/5/21,75
3/6/21,52
3/7/21,74
3/8/21,114
